year,time,time2,gdp_world,gdp_world_five,gdp_world_ten,gdp_hi,gdp_hi_five,gdp_hi_ten,gdp_oecd,gdp_oecd_five,gdp_oecd_ten,gdp_us,gdp_us_three,gdp_us_five,gdp_us_ten,gdp_eu,gdp_eu_five,gdp_eu_ten,em_world,em_world_five,em_world_ten,em_hi,em_hi_five,em_hi_ten,em_oecd,em_oecd_five,em_oecd_ten,em_us,em_us_three,em_us_five,em_us_ten,em_eu,em_eu_five,em_eu_ten,app_count,app_tot,app_old_three,app_new_three,app_old_five,app_new_five,app_old_ten,app_new_ten,app_count_us,app_tot_us,app_five_new_us,app_old_five_us,app_count_eu,app__tot_eu,app_old_five_eu,app_new_five_eu,,new_app_count_us,new_app_tot_us,new_app_five_new_us,new_app_five_old_us,oil_price,oil_price_five,dum_1,dum_2,dum_3,dum_4,em_c_us,em_c_us_four,em_c_us_five,em_c_world,em_c_world_four,em_c_world_five,,,,,,,,,,,,,,,,,,,,,,,,,,,,,,,,,,,,,,,,,,,,,,,,,,,,,,,
1960,1,1,1.37275E+12,,,1.06196E+12,,,1.07147E+12,,,5.433E+11,,,,3.64448E+11,,,9396705.835,,,5713366.066,,,5747622.95,,,2890696.1,,,,2359594.886,,,9,9,,,,,,,376,2547,,,,,,,,176,1133,,,1.9,,,,,,2890696.1,,,9396705.835,,,,,,,,,,,,,,,,,,,,,,,,,,,,,,,,,,,,,,,,,,,,,,,,,,,,,,,,,
1961,2,4,1.42807E+12,,,1.12413E+12,,,1.12641E+12,,,5.633E+11,,,,3.96167E+11,,,9434402.595,,,5838410.405,,,5866219.349,,,2880505.507,,,,2445945.664,,,10,19,,,,,,,460,3007,,,,,,,,272,1405,,,1.8,,,,,,2880505.507,,,9434402.595,,,,,,,,,,,,,,,,,,,,,,,,,,,,,,,,,,,,,,,,,,,,,,,,,,,,,,,,,
1962,3,9,1.5325E+12,,,1.21347E+12,,,1.21586E+12,,,6.051E+11,1.7117E+12,,,4.31995E+11,,,9818839.874,,,6109990.312,,,6126975.942,,,2987207.873,8758409.48,,,2587255.911,,,3,22,0,22,,,,,487,3494,,,,,,,,305,1710,,,1.8,,,,,,2987207.873,,,9818839.874,,,,,,,,,,,,,,,,,,,,,,,,,,,,,,,,,,,,,,,,,,,,,,,,,,,,,,,,,
1963,4,16,1.65092E+12,,,1.30721E+12,,,1.31111E+12,,,6.386E+11,1.807E+12,,,4.76971E+11,,,10355747.35,,,6452882.159,,,6466627.68,,,3119230.874,8986944.254,,,2763661.258,,,3,25,9,16,,,,,492,3986,,,,,,,,342,2052,,,1.8,,,,,,3119230.874,11877640.35,,10355747.35,39005695.65,,,,,,,,,,,,,,,,,,,,,,,,,,,,,,,,,,,,,,,,,,,,,,,,,,,,,,,,
1964,5,25,1.80855E+12,7.79279E+12,,1.42684E+12,6.13362E+12,,1.43222E+12,6.15707E+12,,6.858E+11,1.9295E+12,3.0361E+12,,5.27905E+11,2.19749E+12,,10947007.09,49952702.74,,6782010.521,30896659.46,,6791496.296,30998942.22,,3255995.306,9362434.053,15133635.66,,2879590.411,13036048.13,,37,62,19,43,0,62,,,485,4471,2300,0,,,,,,358,2410,1453,0,1.8,9.1,,,,,3255995.306,12242939.56,15133635.66,10947007.09,40555996.91,49952702.74,,,,,,,,,,,,,,,,,,,,,,,,,,,,,,,,,,,,,,,,,,,,,,,,,,,,,,,
1965,6,36,1.96945E+12,8.3895E+12,,1.54949E+12,6.62115E+12,,1.55528E+12,6.64089E+12,,7.437E+11,2.0681E+12,3.2365E+12,,5.7528E+11,2.40832E+12,,11433441.98,51989438.88,,7081545.937,32264839.33,,7080935.338,32332254.6,,3390922.571,9766148.751,15633862.13,,2977005.808,13653459.05,,16,78,22,56,19,69,,,585,5056,2509,2547,,,,,,553,2963,1830,1133,1.8,9,,,,,3390922.571,12753356.62,15633862.13,11433441.98,42555036.29,51989438.88,,,,,,,,,,,,,,,,,,,,,,,,,,,,,,,,,,,,,,,,,,,,,,,,,,,,,,,
1966,7,49,2.13674E+12,9.09817E+12,,1.6998E+12,7.19681E+12,,1.708E+12,7.22248E+12,,8.15E+11,2.2445E+12,3.4882E+12,,6.23873E+11,2.63602E+12,,12009447,54564483.29,,7391949.92,33818378.85,,7400607.561,33866642.82,,3561878.111,10208795.99,16315234.74,,3066068.197,14273581.59,,31,109,25,84,22,90,,,526,5582,2575,3007,,,,,,663,3626,2221,1405,1.8,9,,,,,3561878.111,13328026.86,16315234.74,12009447,44745643.42,54564483.29,,,,,,,,,,,,,,,,,,,,,,,,,,,,,,,,,,,,,,,,,,,,,,,,,,,,,,,
1967,8,64,2.27461E+12,9.84028E+12,,1.82374E+12,7.80708E+12,,1.83352E+12,7.84014E+12,,8.617E+11,2.4204E+12,3.7448E+12,,6.71099E+11,2.87513E+12,,12389685.57,57135328.98,,7720671.805,35429060.34,,7720828.066,35460494.94,,3695708.943,10648509.63,17023735.81,,3135494.784,14821820.46,,38,147,62,85,25,125,,,500,6082,2588,3494,,,,,,611,4237,2527,1710,1.8,9,,,,,3695708.943,13904504.93,17023735.81,12389685.57,46779581.64,57135328.98,,,,,,,,,,,,,,,,,,,,,,,,,,,,,,,,,,,,,,,,,,,,,,,,,,,,,,,
1968,9,81,2.45553E+12,1.06449E+13,,1.97771E+12,8.47758E+12,,1.9893E+12,8.51832E+12,,9.425E+11,2.6192E+12,4.0487E+12,,6.99807E+11,3.09796E+12,,13017193.61,59796775.24,,8131701.254,37107879.44,,8130410.148,37124277.41,,3831354.94,11088941.99,17735859.87,,3317198.681,15375357.88,,8,155,78,77,62,130,,,486,6568,2582,3986,,,,,,531,4768,2716,2052,1.8,9,,,,,3831354.94,14479864.57,17735859.87,13017193.61,48849768.15,59796775.24,,,,,,,,,,,,,,,,,,,,,,,,,,,,,,,,,,,,,,,,,,,,,,,,,,,,,,,
1969,10,100,2.70905E+12,1.15454E+13,1.93382E+13,2.17588E+12,9.22662E+12,1.53602E+13,2.18838E+12,9.27448E+12,1.54316E+13,1.0199E+12,2.8241E+12,4.3828E+12,6.6039E+12,7.74886E+11,3.34495E+12,5.54243E+12,13797116.84,62646884.99,112599587.7,8656315.636,38982184.55,69878844.02,8625282.62,38958063.73,69957005.95,4024748.853,11551812.74,18504613.42,33638249.08,3520600.659,16016368.13,29052416.26,11,166,109,57,78,104,0,166,454,7022,2551,4471,,,,,,598,5366,2956,2410,1.8,9,,,,,4024748.853,15113690.85,18504613.42,13797116.84,51213443.01,62646884.99,,,,,,,,,,,,,,,,,,,,,,,,,,,,,,,,,,,,,,,,,,,,,,,,,,,,,,,
1970,11,121,2.96541E+12,1.25413E+13,2.09308E+13,2.38059E+12,1.00577E+13,1.66789E+13,2.3883E+12,1.01075E+13,1.67484E+13,1.0733E+12,3.0357E+12,4.7124E+12,7.0872E+12,8.62197E+11,3.63186E+12,6.04018E+12,14788798.31,66002241.33,117991680.2,9411515.013,41312153.63,73576992.96,9359757.868,41236886.26,73569140.87,4328904.501,12185008.29,19442595.35,35076457.48,3753440.756,16792803.08,30446262.13,13,179,147,32,109,101,9,170,459,7481,2425,5056,,,,,,496,5862,2899,2963,1.8,9,,,,,4328904.501,15880717.24,19442595.35,14788798.31,53992794.32,66002241.33,,,,,,,,,,,,,,,,,,,,,,,,,,,,,,,,,,,,,,,,,,,,,,,,,,,,,,,
1971,12,144,3.27824E+12,1.36828E+13,2.2781E+13,2.64472E+12,1.10026E+13,1.81995E+13,2.64705E+12,1.10465E+13,1.8269E+13,1.16485E+12,3.25805E+12,5.06225E+12,7.60795E+12,9.75277E+11,3.98327E+12,6.61929E+12,15323175.56,69315969.88,123880453.2,9601897.38,43522101.09,77340479.94,9533652.88,43369931.58,77236574.4,4356770.034,12710423.39,20237487.27,36552722.01,3846741.985,17573476.86,31847058.45,53,232,155,77,147,123,19,213,445,7926,2344,5582,,,,,,530,6392,2766,3626,2.24,9.44,,,,,4356770.034,16541778.33,20237487.27,15323175.56,56926284.31,69315969.88,,,,,,,,,,,,,,,,,,,,,,,,,,,,,,,,,,,,,,,,,,,,,,,,,,,,,,,
1972,13,169,3.7832E+12,1.51914E+13,2.50317E+13,3.0708E+12,1.22497E+13,2.00568E+13,3.07391E+12,1.22869E+13,2.01271E+13,1.27911E+12,3.51726E+12,5.47966E+12,8.20456E+12,1.16765E+12,4.47982E+12,7.35495E+12,15957192.52,72883476.84,130018805.8,10084808.61,45886237.89,81315298.23,9997911.646,45647015.16,81107510.1,4564952.958,13250627.49,21106731.29,38130467.09,3999496.06,18437478.14,33259298.6,39,271,166,105,155,124,22,249,479,8405,2323,6082,,,,,,495,6887,2650,4237,2.48,10.12,,,,,4564952.958,17275376.35,21106731.29,15957192.52,59866283.23,72883476.84,,,,,,,,,,,,,,,,,,,,,,,,,,,,,,,,,,,,,,,,,,,,,,,,,,,,,,,
1973,14,196,4.61607E+12,1.7352E+13,2.79968E+13,3.72116E+12,1.39932E+13,2.24707E+13,3.71962E+12,1.40172E+13,2.25356E+13,1.42538E+12,3.86934E+12,5.96254E+12,8.93794E+12,1.4827E+12,5.26271E+12,8.36067E+12,16822109.48,76688392.71,136485167.9,10612161.65,48366698.29,85474577.73,10499306.2,48015911.22,85140188.63,4770194.948,13691917.94,22045571.29,39781431.17,4203895.412,19324174.87,34699532.75,19,290,179,111,166,135,25,265,573,8978,2410,6568,,,,,,488,7375,2607,4768,3.29,11.61,1,,,,4770194.948,18020822.44,22045571.29,16822109.48,62891275.87,76688392.71,,,,,,,,,,,,,,,,,,,,,,,,,,,,,,,,,,,,,,,,,,,,,,,,,,,,,,,
1974,15,225,5.32382E+12,1.99667E+13,3.15121E+13,4.20044E+12,1.60177E+13,2.52443E+13,4.17216E+12,1.6001E+13,2.52755E+13,1.54524E+12,4.24973E+12,6.48788E+12,9.70583E+12,1.66655E+12,6.15437E+12,9.49932E+12,16850822.09,79742097.96,142388982.9,10363787.63,50074170.28,89056354.83,10269003.74,49659632.34,88617696.07,4598487.673,13933635.58,22619310.11,41123923.53,4142868.585,19946442.8,35962810.93,40,330,232,98,179,164,62,268,784,9762,2740,7022,,,,,,547,7922,2556,5366,11.58,21.39,,,,,4598487.673,18290405.61,22619310.11,16850822.09,64953299.64,79742097.96,,,,,,,,,,,,,,,,,,,,,,,,,,,,,,,,,,,,,,,,,,,,,,,,,,,,,,,
1975,16,256,5.92926E+12,2.29306E+13,3.54719E+13,4.68567E+12,1.83228E+13,2.83805E+13,4.67544E+12,1.82882E+13,2.83957E+13,1.6849E+12,4.65552E+12,7.09948E+12,1.05328E+13,1.94274E+12,7.23491E+12,1.08668E+13,16745791.87,81699091.52,147701332.8,10030912.65,50693567.92,92005721.55,9958038.543,50257913.01,91494799.28,4406329.539,13775012.16,22696735.15,42139330.5,4065317.555,20258319.6,37051122.67,71,401,271,130,232,222,78,323,"1,078",10840,3359,7481,,,,,,564,8486,2624,5862,11.53,31.12,,,,,4406329.539,18339965.12,22696735.15,16745791.87,66375915.96,81699091.52,,,,,,,,,,,,,,,,,,,,,,,,,,,,,,,,,,,,,,,,,,,,,,,,,,,,,,,
1976,17,289,6.44793E+12,2.61003E+13,3.97831E+13,5.10147E+12,2.07795E+13,3.17822E+13,5.06523E+12,2.07064E+13,3.17529E+13,1.87341E+12,5.10356E+12,7.80805E+12,1.14449E+13,2.01226E+12,8.2719E+12,1.22552E+13,17726098.32,84102014.28,153417984.2,10576587.7,51668258.23,95190359.32,10474944.54,51199204.67,94569136.25,4613100.668,13617917.88,22953065.79,43190553.06,4331569.684,20743147.3,38316624.16,116,517,290,227,271,285,109,408,"1,149",11989,4063,7926,1,1,,,,807,9293,2901,6392,12.8,41.68,,,,,4613100.668,18388112.83,22953065.79,17726098.32,68144821.75,84102014.28,,,,,,,,,,,,,,,,,,,,,,,,,,,,,,,,,,,,,,,,,,,,,,,,,,,,,,,
1977,18,324,7.28841E+12,2.96055E+13,4.47969E+13,5.77299E+12,2.34817E+13,3.57314E+13,5.70816E+12,2.33406E+13,3.56275E+13,2.08183E+12,5.64014E+12,8.61076E+12,1.25452E+13,2.27887E+12,9.38312E+12,1.38629E+13,18279804.32,86424626.07,159308102.9,10800047.24,52383496.87,98269734.76,10689138.18,51890431.21,97537446.37,4742292.745,13761722.95,23130405.57,44237136.86,4315907.794,21059559.03,39497037.17,163,680,330,350,290,409,147,533,"1,330",13319,4914,8405,58,59,,,,994,10287,3400,6887,13.92,53.12,,,,,4742292.745,18360210.63,23130405.57,18279804.32,69602516.59,86424626.07,,,,,,,,,,,,,,,,,,,,,,,,,,,,,,,,,,,,,,,,,,,,,,,,,,,,,,,
1978,19,361,8.59749E+12,3.35869E+13,5.09389E+13,6.92803E+12,2.66886E+13,4.06818E+13,6.86818E+12,2.64892E+13,4.05064E+13,2.3516E+12,6.30684E+12,9.53698E+12,1.38146E+13,2.79269E+12,1.06931E+13,1.59558E+13,18497906.48,88100423.07,164788815.8,11080383.3,52851718.52,101218416.8,10973528.13,52364653.13,100380564.4,4890861.25,14246254.66,23251071.88,45296643.17,4457560.888,21313224.51,40637399.38,333,1013,401,612,330,723,155,858,"1,437",14756,5778,8978,204,263,,,,"1,173",11460,4085,7375,14.02,63.85,,,,,4890861.25,18652584.2,23251071.88,18497906.48,71249600.98,88100423.07,,,,,,,,,,,,,,,,,,,,,,,,,,,,,,,,,,,,,,,,,,,,,,,,,,,,,,,
1979,20,400,9.98615E+12,3.82492E+13,5.8216E+13,8.00902E+12,3.04972E+13,4.65149E+13,7.93135E+12,3.02484E+13,4.62494E+13,2.62733E+12,7.06076E+12,1.06191E+13,1.52335E+13,3.41045E+12,1.2437E+13,1.85914E+13,19533547.95,90783148.93,170525246.9,11379639.93,53867570.82,103941741.1,11263392.7,53359042.1,103018674.4,4901796.244,14534950.24,23554380.45,46173690.56,4647643.766,21817999.69,41764442.48,602,1615,517,1098,401,1285,166,1449,"1,424",16180,6418,9762,373,636,,,,965,12425,4503,7922,31.61,83.88,,1,,,4901796.244,19148050.91,23554380.45,19533547.95,74037357.06,90783148.93,,,,,,,,,,,,,,,,,,,,,,,,,,,,,,,,,,,,,,,,,,,,,,,,,,,,,,,
1980,21,441,1.12431E+13,4.35631E+13,6.64937E+13,8.93972E+12,3.47512E+13,5.3074E+13,8.80709E+12,3.438E+13,5.26682E+13,2.85731E+12,7.83624E+12,1.17915E+13,1.68091E+13,3.8924E+12,1.43867E+13,2.16216E+13,19324327.26,93361684.32,175060775.8,11141826.99,54978485.15,105672053.1,11012333.31,54413336.87,104671249.9,4723209.677,14515867.17,23871260.58,46567995.74,4518359.15,22271041.28,42529360.88,943,2558,680,1878,517,2157,179,2379,"1,327",17507,6667,10840,542,1178,0,1178,,"1,193",13618,5132,8486,36.83,109.18,,,,,4723209.677,19258159.92,23871260.58,19324327.26,75635586,93361684.32,,,,,,,,,,,,,,,,,,,,,,,,,,,,,,,,,,,,,,,,,,,,,,,,,,,,,,,
1981,22,484,1.16399E+13,4.87551E+13,7.48554E+13,9.07674E+12,3.87265E+13,5.95061E+13,8.96676E+12,3.82815E+13,5.89879E+13,3.20704E+12,8.69168E+12,1.31251E+13,1.85816E+13,3.44386E+12,1.58183E+13,2.40902E+13,18726246.9,94361832.9,178463847.2,10691246.78,55093144.23,106761402.5,10602264.33,54540656.66,105739861.3,4535800.308,14160806.23,23793960.22,46747026.01,4266013.116,22205484.71,42948632.01,1262,3820,1013,2807,680,3303,232,3588,"1,136",18643,6654,11989,479,1657,1,1656,,"1,408",15026,5733,9293,35.93,132.31,,,,,4535800.308,19051667.48,23793960.22,18726246.9,76082028.59,94361832.9,,,,,,,,,,,,,,,,,,,,,,,,,,,,,,,,,,,,,,,,,,,,,,,,,,,,,,,
1982,23,529,1.15304E+13,5.29971E+13,8.26026E+13,8.99482E+12,4.19483E+13,6.54301E+13,8.83195E+12,4.14053E+13,6.47459E+13,3.34379E+12,9.40814E+12,1.43871E+13,2.03705E+13,3.31452E+12,1.68539E+13,2.6237E+13,18562354,94644382.59,181069008.7,10290339.73,54583436.72,106966933.6,10250362.2,54101880.67,105992311.9,4306748.487,13565758.47,23358415.97,46488821.54,4171917.105,22061494.02,43121053.05,1134,4954,1615,3339,1013,4274,271,4683,"1,064",19707,6388,13319,501,2158,59,2099,,"1,268",16294,6007,10287,32.97,151.36,,,,,4306748.487,18467554.72,23358415.97,18562354,76146476.11,94644382.59,,,,,,,,,,,,,,,,,,,,,,,,,,,,,,,,,,,,,,,,,,,,,,,,,,,,,,,
1983,24,576,1.17633E+13,5.61629E+13,8.97498E+13,9.28974E+12,4.43101E+13,7.09987E+13,9.12442E+12,4.36616E+13,7.01507E+13,3.63404E+12,1.01849E+13,1.56695E+13,2.23492E+13,3.21277E+12,1.7274E+13,2.79671E+13,18484356.91,94630833.02,182731256.1,10265166.96,53768220.39,106619938.9,10185996.49,53314349.03,105679002.2,4341878.347,13184427.14,22809433.06,46060504.94,4111986.351,21715919.49,43029143.99,1270,6224,2558,3666,1615,5211,290,5934,920,20627,5871,14756,483,2641,263,2378,,"1,088",17382,5922,11460,29.55,166.89,,,,,4341878.347,17907636.82,22809433.06,18484356.91,75097285.07,94630833.02,,,,,,,,,,,,,,,,,,,,,,,,,,,,,,,,,,,,,,,,,,,,,,,,,,,,,,,
1984,25,625,1.21969E+13,5.83736E+13,9.66229E+13,9.68708E+12,4.59881E+13,7.64853E+13,9.54117E+12,4.52714E+13,7.55197E+13,4.03761E+12,1.10154E+13,1.70798E+13,2.44918E+13,3.0847E+12,1.69482E+13,2.93853E+13,19145865.38,94243150.45,185026299.4,10541259.73,52929840.19,106797411,10447947.85,52498904.17,105857946.3,4475192.132,13123818.97,22382828.95,45937209.4,4084428.697,21152704.42,42970704.1,1303,7527,3820,3707,2558,5912,330,7197,"1,046",21673,5493,16180,510,3151,636,2515,,"1,078",18460,6035,12425,28.78,164.06,,,,,4475192.132,17659619.27,22382828.95,19145865.38,74918823.18,94243150.45,,,,,,,,,,,,,,,,,,,,,,,,,,,,,,,,,,,,,,,,,,,,,,,,,,,,,,,
1985,26,676,1.28113E+13,5.99418E+13,1.03505E+14,1.01684E+13,4.72168E+13,8.1968E+13,1.00511E+13,4.65154E+13,8.08954E+13,4.33898E+12,1.20106E+13,1.85615E+13,2.70092E+13,3.18792E+12,1.62438E+13,3.06304E+13,19719241.16,94638064.35,187999748.7,10659928.41,52447941.61,107426426.8,10560427.23,52046998.09,106460335,4492555.377,13309625.86,22152174.65,46023435.24,4189511.407,20823856.68,43094897.96,1480,9007,4954,4053,3820,6449,401,8606,"1,050",22723,5216,17507,540,3691,1178,2513,,"1,050",19510,5892,13618,27.56,154.79,,,,,4492555.377,17616374.34,22152174.65,19719241.16,75911817.45,94638064.35,,,,,,,,,,,,,,,,,,,,,,,,,,,,,,,,,,,,,,,,,,,,,,,,,,,,,,,
1986,27,729,1.51395E+13,6.34414E+13,1.12196E+14,1.23465E+13,5.04865E+13,8.92131E+13,1.21817E+13,4.97304E+13,8.80119E+13,4.57963E+12,1.29562E+13,1.99341E+13,2.94251E+13,4.37148E+12,1.71714E+13,3.29897E+13,20315356.02,96227173.46,190589006.4,10697031.59,52453726.43,107546870.7,10560357.67,52005091.44,106545748.1,4495463.308,13463210.82,22111837.65,45905797.88,4179574.029,20737417.59,42942902.3,1246,10253,6224,4029,4954,6433,517,9736,855,23578,4935,18643,430,4121,1657,2464,,"1,029",20539,5513,15026,14.43,133.29,,,,,4495463.308,17805089.16,22111837.65,20315356.02,77664819.46,96227173.46,,,,,,,,,,,,,,,,,,,,,,,,,,,,,,,,,,,,,,,,,,,,,,,,,,,,,,,
1987,28,784,1.7225E+13,6.9136E+13,1.22133E+14,1.43102E+13,5.58019E+13,9.77503E+13,1.41131E+13,5.50116E+13,9.64169E+13,4.85522E+12,1.37738E+13,2.14455E+13,3.17949E+13,5.40863E+12,1.92655E+13,3.61194E+13,20817151.96,98481971.43,193126354,10991289.14,53154675.84,107738112.6,10896020.06,52650749.3,106752630,4688373.177,13676391.86,22493462.34,45851878.31,4258989.941,20824490.42,42885984.45,1141,11394,7527,3867,6224,6440,680,10714,917,24495,4788,19707,523,4644,2158,2486,,"1,205",21744,5450,16294,18.43503937,118.7550394,,,,,4688373.177,18151583.99,22493462.34,20817151.96,79997614.52,98481971.43,,,,,,,,,,,,,,,,,,,,,,,,,,,,,,,,,,,,,,,,,,,,,,,,,,,,,,,
1988,29,841,1.92705E+13,7.66431E+13,1.32806E+14,1.61178E+13,6.263E+13,1.0694E+14,1.59137E+13,6.18009E+13,1.05462E+14,5.23644E+12,1.46713E+13,2.30479E+13,3.43784E+13,6.03286E+12,2.20856E+13,3.93596E+13,21565403.31,101563017.8,196193850.9,11393299.68,54282808.56,108051028.9,11249877.99,53714630.8,107028979.8,4892526.068,14076362.55,23044110.06,45853543.13,4202996.736,20915500.81,42631420.3,1339,12733,9007,3726,7527,6509,1013,11720,930,25425,4798,20627,543,5187,2641,2546,,"1,001",22745,5363,17382,14.9238417,104.1288811,,,,,4892526.068,18568917.93,23044110.06,21565403.31,82417152.45,101563017.8,,,,,,,,,,,,,,,,,,,,,,,,,,,,,,,,,,,,,,,,,,,,,,,,,,,,,,,
1989,30,900,2.01143E+13,8.45605E+13,1.42934E+14,1.68628E+13,6.98057E+13,1.15794E+14,1.66518E+13,6.89115E+13,1.14183E+14,5.64158E+12,1.57332E+13,2.46518E+13,3.7152E+13,6.15969E+12,2.51606E+13,4.21088E+13,22029385.16,104446537.6,198689688.1,11688024.6,55429573.43,108359413.6,11585933.17,54852616.13,107351520.3,4955081.421,14535980.67,23523999.35,45906828.3,4323273.817,21154345.93,42307050.35,1404,14137,10253,3884,9007,6610,1615,12522,"1,062",26487,4814,21673,631,5818,3151,2667,,"1,041",23786,5326,18460,18.22611328,93.57499435,,,,,4955081.421,19031443.97,23523999.35,22029385.16,84727296.45,104446537.6,,,,,,,,,,,,,,,,,,,,,,,,,,,,,,,,,,,,,,,,,,,,,,,,,,,,,,,
1990,31,961,2.26556E+13,9.44049E+13,1.54347E+14,1.89543E+13,7.85917E+13,1.25808E+14,1.87571E+13,7.76175E+13,1.24133E+14,5.96314E+12,1.68412E+13,2.6276E+13,3.99823E+13,7.63846E+12,2.96111E+13,4.58549E+13,22149402.4,106876698.8,201514763.2,11450105.43,56219750.45,108667692.1,11312774.8,55604963.69,107651961.8,4823403.118,14671010.61,23854847.09,46007021.74,4100786.671,21065621.19,41889477.87,1744,15881,11394,4487,10253,6874,2558,13323,"1,136",27623,4900,22723,602,6420,3691,2729,,915,24701,5191,19510,23.72582031,89.74081466,,,1,,4823403.118,19359383.78,23854847.09,22149402.4,86561342.83,106876698.8,,,,,,,,,,,,,,,,,,,,,,,,,,,,,,,,,,,,,,,,,,,,,,,,,,,,,,,
1991,32,1024,2.39811E+13,1.03246E+14,1.66688E+14,2.00396E+13,8.62848E+13,1.36771E+14,1.9836E+13,8.52718E+13,1.35002E+14,6.15813E+12,1.77629E+13,2.78545E+13,4.25521E+13,7.90439E+12,3.3144E+13,5.03154E+13,22403928.87,108965271.7,205192445.2,11593991.34,57116710.2,109570436.6,11401064.36,56445670.38,108450761.8,4820847.219,14599331.76,24180231,46292068.65,4112588.931,20998636.1,41736053.68,1629,17510,12733,4777,11394,7257,3820,13690,"1,230",28853,5275,23578,672,7092,4121,2971,,975,25676,5137,20539,20.0009144,95.31172906,,,,,4820847.219,19491857.83,24180231,22403928.87,88148119.74,108965271.7,,,,,,,,,,,,,,,,,,,,,,,,,,,,,,,,,,,,,,,,,,,,,,,,,,,,,,,
1992,33,1089,2.54645E+13,1.11486E+14,1.80622E+14,2.15609E+13,9.35355E+13,1.49337E+14,2.13275E+13,9.24862E+13,1.47498E+14,6.52033E+12,1.86416E+13,2.95196E+13,4.53235E+13,8.61088E+12,3.63463E+13,5.56118E+13,22183417.49,110331537.2,208813508.7,11726314.76,57851735.82,111006411.7,11479217.14,57028867.46,109679616.8,4909533.614,14553783.95,24401391.44,46894853.78,3994290.751,20733936.91,41558427.33,1669,19179,14137,5042,12733,7785,4954,14225,"1,466",30319,5824,24495,701,7793,4644,3149,,"1,044",26720,4976,21744,19.32083658,96.19752627,,,,,4909533.614,19508865.37,24401391.44,22183417.49,88766133.92,110331537.2,,,,,,,,,,,,,,,,,,,,,,,,,,,,,,,,,,,,,,,,,,,,,,,,,,,,,,,
1993,34,1156,2.58697E+13,1.18085E+14,1.94728E+14,2.17258E+13,9.91435E+13,1.61773E+14,2.16094E+13,9.81818E+13,1.59983E+14,6.85856E+12,1.9537E+13,3.11417E+13,4.82265E+13,7.83657E+12,3.815E+13,6.02356E+13,22162174.56,110928308.5,212491326.3,11896944.52,58355380.65,112638189.2,11587147.95,57366137.42,111080768.2,5028674.444,14759055.28,24537539.82,47581649.88,3938794.373,20469734.54,41385235.35,1952,21131,15881,5250,14137,8398,6224,14907,"1,542",31861,6436,25425,747,8540,5187,3353,,"1,175",27895,5150,22745,16.97163424,98.24531881,,,,,5028674.444,19582458.4,24537539.82,22162174.56,88898923.32,110928308.5,,,,,,,,,,,,,,,,,,,,,,,,,,,,,,,,,,,,,,,,,,,,,,,,,,,,,,,
1994,35,1225,2.77751E+13,1.25746E+14,2.10307E+14,2.32888E+13,1.05569E+14,1.75375E+14,2.30804E+13,1.0461E+14,1.73522E+14,7.28724E+12,2.06661E+13,3.27874E+13,5.12811E+13,8.30931E+12,4.02996E+13,6.54602E+13,22551690.63,111450614,215897151.6,12053969.75,58721325.8,114150899.2,11733860.95,57514065.19,112366681.3,5094354.081,15032562.14,24676812.48,48200811.83,3884988.482,20031449.21,41185795.14,1718,22849,17510,5339,15881,8712,7527,15322,"1,557",33418,6931,26487,782,9322,5818,3504,,"1,278",29173,5387,23786,15.81762646,95.83683199,,,,,5094354.081,19853409.36,24676812.48,22551690.63,89301211.55,111450614,,,,,,,,,,,,,,,,,,,,,,,,,,,,,,,,,,,,,,,,,,,,,,,,,,,,,,,
1995,36,1296,3.08713E+13,1.33962E+14,2.28367E+14,2.58486E+13,1.12464E+14,1.91055E+14,2.54285E+13,1.11282E+14,1.88899E+14,7.63975E+12,2.17855E+13,3.4464E+13,5.42197E+13,9.63527E+12,4.22964E+13,7.19076E+13,23037524.13,112338735.7,219215434.5,12137213.81,59408434.19,115628184.6,11879327.17,58080617.57,113685581.3,5132919.92,15255948.45,24986329.28,48841176.37,3947855.53,19878518.07,40944139.26,2059,24908,19179,5729,17510,9027,9007,15901,"1,784",35202,7579,27623,875,10197,6420,3777,,"1,239",30412,5711,24701,17.01667969,89.12769136,,,,,5132919.92,20165482.06,24986329.28,23037524.13,89934806.82,112338735.7,,,,,,,,,,,,,,,,,,,,,,,,,,,,,,,,,,,,,,,,,,,,,,,,,,,,,,,
1996,37,1369,3.15546E+13,1.41535E+14,2.44782E+14,2.60759E+13,1.185E+14,2.04785E+14,2.56435E+13,1.17089E+14,2.02361E+14,8.07312E+12,2.30001E+13,3.6379E+13,5.73749E+13,9.84445E+12,4.42365E+13,7.73805E+13,23571556.67,113506363.5,222471635.2,12470561.23,60285004.08,117401714.3,12231311.5,58910864.71,115356535.1,5252112.088,15479386.09,25417594.15,49597825.15,4055918.353,19821847.49,40820483.58,1997,26905,21131,5774,19179,9395,10253,16652,"1,964",37166,8313,28853,1051,11248,7092,4156,,"1,392",31804,6128,25676,20.66848837,89.79526534,,,,,5252112.088,20508060.53,25417594.15,23571556.67,91322946,113506363.5,,,,,,,,,,,,,,,,,,,,,,,,,,,,,,,,,,,,,,,,,,,,,,,,,,,,,,,
1997,38,1444,3.14397E+13,1.4751E+14,2.58996E+14,2.56451E+13,1.22584E+14,2.1612E+14,2.52548E+13,1.21017E+14,2.13503E+14,8.57755E+12,2.42904E+13,3.84362E+13,6.06686E+13,9.29013E+12,4.49157E+13,8.1262E+13,23975007.35,115297953.3,225629490.6,12564558.08,61123247.4,118974983.2,12363378.51,59795026.08,116823893.5,5368715.354,15753747.36,25876775.89,50278167.33,3963003.907,19790560.65,40524497.55,2285,29190,22849,6341,21131,10011,11394,17796,"2,192",39358,9039,30319,1198,12446,7793,4653,,"1,401",33205,6485,26720,19.09258755,89.56701631,,,,,5368715.354,20848101.44,25876775.89,23975007.35,93135778.79,115297953.3,,,,,,,,,,,,,,,,,,,,,,,,,,,,,,,,,,,,,,,,,,,,,,,,,,,,,,,
1998,39,1521,3.13782E+13,1.53019E+14,2.71104E+14,2.57483E+13,1.26607E+14,2.2575E+14,2.55346E+13,1.24942E+14,2.23124E+14,9.06282E+12,2.57135E+13,4.06405E+13,6.41425E+13,9.61686E+12,4.6696E+13,8.4846E+13,24114192,117249970.8,228178279.3,12565002.75,61791305.63,120146686.3,12354409.03,60562287.16,117928424.6,5401010.623,16021838.07,26249112.07,50786651.88,3968801.434,19820567.71,40290302.25,2592,31782,24908,6874,22849,10651,12733,19049,"2,597",41955,10094,31861,1501,13947,8540,5407,,"1,568",34773,6878,27895,12.71566148,85.31104355,,,,,5401010.623,21154757.99,26249112.07,24114192,94698280.15,117249970.8,,,,,,,,,,,,,,,,,,,,,,,,,,,,,,,,,,,,,,,,,,,,,,,,,,,,,,,
1999,40,1600,3.25427E+13,1.57786E+14,2.83532E+14,2.7045E+13,1.30363E+14,2.35932E+14,2.68267E+13,1.28688E+14,2.33299E+14,9.63066E+12,2.7271E+13,4.29839E+13,6.76982E+13,9.60317E+12,4.79899E+13,8.82895E+13,24059187,118757467.2,230208081.1,12745738.5,62483074.38,121204400.2,12497077.33,61325503.54,118839568.7,5504669.379,16274395.36,26659427.36,51336239.84,3896092.158,19831671.38,39863120.59,3160,34942,26905,8037,24908,12093,14137,20805,"3,062",45017,11599,33418,1739,15686,9322,6364,,"1,681",36454,7281,29173,17.97007782,87.46349491,,,,,5504669.379,21526507.44,26659427.36,24059187,95719943.02,118757467.2,,,,,,,,,,,,,,,,,,,,,,,,,,,,,,,,,,,,,,,,,,,,,,,,,,,,,,,
2000,41,1681,3.35877E+13,1.60503E+14,2.94465E+14,2.75915E+13,1.32106E+14,2.4457E+14,2.73845E+13,1.30644E+14,2.41926E+14,1.02523E+13,2.89458E+13,4.55965E+13,7.14829E+13,8.91588E+12,4.72705E+13,8.95669E+13,24689911,120409854,232748589.7,13165354.44,63511215.01,122919649.2,12822512.58,62268688.94,120349306.5,5693684.894,16599364.9,27220192.34,52206521.62,3911984.936,19795800.79,39674318.85,3965,38907,29190,9717,26905,13999,15881,23026,"4,156",49173,13971,35202,2069,17755,10197,7558,,"1,917",38371,7959,30412,28.49544922,98.94226444,,,,,5693684.894,21968080.25,27220192.34,24689911,96838297.35,120409854,,,,,,,,,,,,,,,,,,,,,,,,,,,,,,,,,,,,,,,,,,,,,,,,,,,,,,,
2001,42,1764,3.33958E+13,1.62344E+14,3.03879E+14,2.73303E+13,1.3336E+14,2.5186E+14,2.71404E+13,1.32141E+14,2.4923E+14,1.05818E+13,3.04648E+13,4.81052E+13,7.54214E+13,9.02619E+12,4.64522E+13,9.06887E+13,25276631,122114928.3,235621291.8,13128054.1,64168707.88,124453712,12772890.73,62810268.17,121721132.9,5595794.329,16794148.6,27563874.58,52981468.73,3997697.394,19737579.83,39559427.32,4505,43412,31782,11630,29190,16507,17510,25902,"4,866",54039,16873,37166,2328,20083,11248,8835,,"2,970",41341,9537,31804,24.44389105,102.7176671,,,,,5595794.329,22195159.23,27563874.58,25276631,98139921,122114928.3,,,,,,,,,,,,,,,,,,,,,,,,,,,,,,,,,,,,,,,,,,,,,,,,,,,,,,,
2002,43,1849,3.46739E+13,1.65578E+14,3.13089E+14,2.8482E+13,1.36197E+14,2.58781E+14,2.83143E+13,1.352E+14,2.56217E+14,1.09364E+13,3.17706E+13,5.04641E+13,7.92696E+13,9.83217E+12,4.69943E+13,9.191E+13,25646998,123786919,239084872.3,13211555.41,64815705.2,125938952.6,12838148.67,63285038.33,123080064.4,5641309.133,16930788.36,27836468.36,53713244.25,3973997.573,19748573.5,39539134.14,4637,48049,34942,13107,31782,18859,19179,28870,"5,295",59334,19976,39358,2387,22470,12446,10024,,"4,734",46075,12870,33205,25.02325581,108.6483354,,,,,5641309.133,22435457.74,27836468.36,25646998,99672727,123786919,,,,,,,,,,,,,,,,,,,,,,,,,,,,,,,,,,,,,,,,,,,,,,,,,,,,,,,
2003,44,1936,3.89023E+13,1.73102E+14,3.26121E+14,3.19262E+13,1.42375E+14,2.68982E+14,3.16972E+13,1.41363E+14,2.66305E+14,1.14582E+13,3.29765E+13,5.28595E+13,8.32476E+13,1.19622E+13,4.93396E+13,9.60356E+13,27047792,126720519,243970489.8,13409151.65,65659854.1,127451159.7,13037670.14,63968299.44,124530586.6,5675701.926,16912805.39,28111159.66,54360271.73,4047102.885,19826874.95,39647442.65,5349,53398,38907,14491,34942,21616,21131,32267,"6,021",65355,23400,41955,2721,25191,13947,11244,,"4,877",50952,16179,34773,28.83070313,124.763377,,,,,5675701.926,22606490.28,28111159.66,27047792,102661332,126720519,,,,,,,,,,,,,,,,,,,,,,,,,,,,,,,,,,,,,,,,,,,,,,,,,,,,,,,
2004,45,2025,4.38165E+13,1.84376E+14,3.42163E+14,3.55358E+13,1.50866E+14,2.81229E+14,3.52747E+13,1.49811E+14,2.78499E+14,1.22137E+13,3.46084E+13,5.54426E+13,8.78446E+13,1.38131E+13,5.35495E+13,1.01539E+14,28393581,131054913,249812380.2,13637165.12,66551280.72,129034355.1,13184742.5,64655964.61,125981468.2,5756075.232,17073086.29,28362565.51,55021992.88,4056134.706,19986917.49,39818588.88,5591,58989,43412,15577,38907,24047,22849,36140,"6,491",71846,26829,45017,2901,28092,15686,12406,,"5,204",56156,19702,36454,38.265,145.0582992,,,,,5756075.232,22668880.62,28362565.51,28393581,106365002,131054913,,,,,,,,,,,,,,,,,,,,,,,,,,,,,,,,,,,,,,,,,,,,,,,,,,,,,,,
2005,46,2116,4.74574E+13,1.98246E+14,3.58749E+14,3.75812E+13,1.60856E+14,2.92961E+14,3.7289E+13,1.59716E+14,2.9036E+14,1.30366E+13,3.67086E+13,5.82269E+13,9.28869E+13,1.44409E+13,5.90745E+13,1.06345E+14,29490014,135855016,256264870,13654444.55,67040370.83,130551585.8,13204742.32,65038194.36,127306883.3,5789727.291,17221504.45,28458607.91,55678800.25,4039746.883,20114679.44,39910480.23,6642,65631,48049,17582,43412,26724,24908,40723,"7,287",79133,29960,49173,3386,31478,17755,13723,,"5,379",61535,23164,38371,54.52108949,171.0839395,,,,,5789727.291,22862813.58,28458607.91,29490014,110578385,135855016,,,,,,,,,,,,,,,,,,,,,,,,,,,,,,,,,,,,,,,,,,,,,,,,,,,,,,,
2006,47,2209,5.14483E+13,2.16298E+14,3.78642E+14,3.96933E+13,1.73219E+14,3.06579E+14,3.93404E+13,1.71916E+14,3.04057E+14,1.38146E+13,3.9065E+13,6.14596E+13,9.81066E+13,1.54136E+13,6.54618E+13,1.11914E+14,30568112,141146497,263261425.3,13676677.76,67588994.49,131757702.4,13185065.2,65450368.83,128260637,5697285.888,17243088.41,28560099.47,56123974.05,4071767.127,20188749.17,39926329,6988,72619,53398,19221,48049,29207,26905,45714,"8,422",87555,33516,54039,4064,35542,20083,15459,,"5,689",67224,25883,41341,65.1440625,211.7841109,,,,,5697285.888,22918790.34,28560099.47,30568112,115499499,141146497,,,,,,,,,,,,,,,,,,,,,,,,,,,,,,,,,,,,,,,,,,,,,,,,,,,,,,,
2007,48,2304,5.79683E+13,2.39593E+14,4.05171E+14,4.34055E+13,1.88142E+14,3.24339E+14,4.30256E+13,1.86627E+14,3.21827E+14,1.44519E+13,4.13031E+13,6.49751E+13,1.03225E+14,1.7808E+13,7.34377E+13,1.20432E+14,31180501,146680000,270466919,13753428.25,68130867.33,132946572.5,13296475.99,65908696.16,129193734.5,5789030.561,17276043.74,28707820.9,56544289.26,4003410.58,20218162.18,39966735.68,8489,81108,58989,22119,53398,33059,29190,51918,"9,952",97507,38173,59334,5075,40617,22470,18147,,"6,478",73702,27627,46075,72.38907843,259.1499336,,,,,5789030.561,23032118.97,28707820.9,31180501,119632208,146680000,,,,,,,,,,,,,,,,,,,,,,,,,,,,,,,,,,,,,,,,,,,,,,,,,,,,,,,
2008,49,2401,6.36116E+13,2.64302E+14,4.37404E+14,4.61375E+13,2.02353E+14,3.44728E+14,4.55752E+13,2.00505E+14,3.41868E+14,1.47128E+13,4.29793E+13,6.82297E+13,1.08053E+14,1.91571E+13,8.06326E+13,1.29972E+14,32181592,151813800,278534319,13583464.43,68305180.12,133965034.2,13063001.77,65934027.79,129902327.2,5614110.994,17100427.44,28646229.97,56757389.63,3915303.571,20086362.87,39913237.81,9420,90528,65631,24897,58989,37130,31782,58746,"11,300",108807,43452,65355,5950,46567,25191,21376,,"7,566",81268,30316,50952,97.25597276,327.5752032,,,,1,5614110.994,22890154.73,28646229.97,32181592,123420219,151813800,,,,,,,,,,,,,,,,,,,,,,,,,,,,,,,,,,,,,,,,,,,,,,,,,,,,,,,
2009,50,2500,6.03341E+13,2.8082E+14,4.65196E+14,4.32756E+13,2.10093E+14,3.60959E+14,4.26631E+13,2.07893E+14,3.57704E+14,1.44489E+13,4.36136E+13,7.04649E+13,1.12093E+14,1.71183E+13,8.39378E+13,1.37487E+14,31891899,155312118,286367031,12871104.72,67539119.71,134090400.4,12269947.02,65019232.3,129675196.9,5263505.457,16666647.01,28153660.19,56516225.71,3601566.052,19631794.21,39618711.71,10804,101332,72619,28713,65631,42343,34942,66390,"13,248",122055,50209,71846,7164,53731,28092,25639,,"9,588",90856,34700,56156,61.67126482,350.981468,,,,,5263505.457,22363932.9,28153660.19,31891899,125822104,155312118,,,,,,,,,,,,,,,,,,,,,,,,,,,,,,,,,,,,,,,,,,,,,,,,,,,,,,,
2010,51,2601,6.60512E+13,2.99413E+14,4.97659E+14,4.53567E+13,2.17869E+14,3.78724E+14,4.47056E+13,2.1531E+14,3.75026E+14,1.49921E+13,4.41538E+13,7.24203E+13,1.16195E+14,1.70154E+13,8.65123E+13,1.45587E+14,33472376,159294480,295149496,13321124.82,67205799.98,134246170.8,12651502.03,64465992.01,129504186.4,5395532.125,16273148.58,27759465.03,56218072.94,3709775.555,19301822.89,39416502.33,12767,114099,81108,32991,72619,48468,38907,75192,"13,696",135751,56618,79133,7637,61368,31478,29890,,"12,184",103040,41505,61535,79.4955336,375.9559121,,,,,5395532.125,22062179.14,27759465.03,33472376,128726368,159294480,,,,,,,,,,,,,,,,,,,,,,,,,,,,,,,,,,,,,,,,,,,,,,,,,,,,,,,
2011,52,2704,7.33932E+13,3.21358E+14,5.37657E+14,4.89617E+13,2.27137E+14,4.00356E+14,4.80558E+13,2.24025E+14,3.95941E+14,1.55426E+13,4.49836E+13,7.41483E+13,1.20895E+14,1.83996E+13,8.94983E+13,1.5496E+14,34847501,163573869,304720366,13093975.98,66623098.2,134212092.7,12472365.42,63753292.23,129203661.1,5289680.503,15948718.09,27351859.64,55911959.11,3568090.009,18798145.77,38986894.94,13157,127256,90528,36728,81108,54637,43412,83844,"13,014",148765,61210,87555,7815,69183,35542,33641,,"13,320",116360,49136,67224,111.2555976,422.0674472,,,,,5270047.385,21543195.96,27332226.52,34847501,132393368,163573869,,,,,,,,,,,,,,,,,,,,,,,,,,,,,,,,,,,,,,,,,,,,,,,,,,,,,,,
2012,53,2809,7.50851E+13,3.38475E+14,5.78068E+14,4.90166E+13,2.32748E+14,4.2089E+14,4.79846E+13,2.28984E+14,4.15611E+14,1.6197E+13,4.67316E+13,7.58934E+13,1.2642E+14,1.73394E+13,8.90297E+13,1.62467E+14,35470891,167864259,314544259,12965718.53,65835388.48,133966255.8,12285289.74,62742105.98,128650802.1,5119436.361,15804648.99,26682265.44,55390086.34,3494155.955,18288891.14,38507053.32,12895,140151,101332,38819,90528,59043,48049,92102,"11,755",160520,63013,97507,,,,,,"13,567",129927,56225,73702,111.6697024,461.3480712,,,,,5081999.958,21011084.93,26625195.92,35470891,135682667,167864259,,,,,,,,,,,,,,,,,,,,,,,,,,,,,,,,,,,,,,,,,,,,,,,,,,,,,,,
2013,54,2916,7.72363E+13,3.521E+14,6.16402E+14,4.96104E+13,2.36221E+14,4.38574E+14,4.86172E+13,2.32026E+14,4.32531E+14,1.67848E+13,4.85244E+13,7.79654E+13,1.31203E+14,1.80774E+13,8.79499E+13,1.68583E+14,35837591,171520258,323334058,12947592.31,65199516.35,133504696.5,12271846.52,61950950.73,127884978.5,5159160.972,15568277.84,26227315.42,54873545.38,3421472.348,17795059.92,37881422.79,11642,151793,114099,37694,101332,61265,53398,98395,"8,554",169074,60267,108807,,,,,,"13,340",143267,61999,81268,108.6585178,472.7506162,,,,,5170359.99,20917939.46,26181444.92,35837591,139628359,171520258,,,,,,,,,,,,,,,,,,,,,,,,,,,,,,,,,,,,,,,,,,,,,,,,,,,,,,,
2014,55,3025,7.93326E+13,3.71098E+14,6.51918E+14,5.06914E+13,2.43637E+14,4.5373E+14,4.9644E+13,2.39007E+14,4.46901E+14,1.75217E+13,5.05036E+13,8.10382E+13,1.35961E+14,1.8695E+13,8.95267E+13,1.73465E+14,36138285,175766644,331078762,12939717.41,65268129.04,132807248.8,12151110.55,61832114.26,126851346.6,5254279.285,15532876.62,26218089.25,54371749.44,3241844.353,17435338.22,37067132.43,7413,159206,127256,31950,114099,57874,58989,100217,"2,991",172065,50010,122055,,,,,,"13,249",156516,65660,90856,98.94600791,510.0253593,,,,,5225412.661,20747819.99,26143352.12,36138285,142294268,175766644,,,,,,,,,,,,,,,,,,,,,,,,,,,,,,,,,,,,,,,,,,,,,,,,,,,,,,,
,,,,,,,,,,,,,,,,,,,,,,,,,,,,,,,,,,,,,,,,,,,,,,,,,,,,,,,,,,,,,,,,,,,,,,,,,,,,,,,,,,,,,,,,,,,,,,,,,,,,,,,,,,,,,,,,,,,,,,,,,,
,,,,,,,,,,,,,,,,,,,,,,,,,,,,,,,,,,,,,,,,,,,,,,,,,,,,,,,,,,,,,,,,,,,,,,,,,,,,,,,,,,,,,,,,,,,,,,,,,,,,,,,,,,,,,,,,,,,,,,,,,,
,,,,,,,,,,,,,,,,,,,,,,,,,,,,,,,,,,,,,,,,,,,,,,,,,,,,,,,,,,,,,,,,,,,,,,,,,,,,,,,,,,,,,,,,,,,,,,,,,,,,,,,,,,,,,,,,,,,,,,,,,,
,,,,,,,,,,,,,,,,,,,,,,,,,,,,,,,,,,,,,,,,,,,,,,,,,,,,,,,,,,,,,,,,,,,,,,,,,,,,,,,,,,,,,,,,,,,,,,,,,,,,,,,,,,,,,,,,,,,,,,,,,,
,,,,,,,,,,,,,,,,,,,,,,,,,,,,,,,,,,,,,,,,,,,,,,,,,,,,,,,,,,,,,,,,,,,,,,,,,,,,,,,,,,,,,,,,,,,,,,,,,,,,,,,,,,,,,,,,,,,,,,,,,,
,,,,,,,,,,,,,,,,,,,,,,,,,,,,,,,,,,,,,,,,,,,,,,,,,,,,,,,,,,,,,,,,,,,,,,,,,,,,,,,,,,,,,,,,,,,,,,,,,,,,,,,,,,,,,,,,,,,,,,,,,,
,,,,,,,,,,,,,,,,,,,,,,,,,,,,,,,,,,,,,,,,,,,,,,,,,,,,,,,,,,,,,,,,,,,,,,,,,,,,,,,,,,,,,,,,,,,,,,,,,,,,,,,,,,,,,,,,,,,,,,,,,,
,,,,,,,,,,,,,,,,,,,,,,,,,,,,,,,,,,,,,,,,,,,,,,,,,,,,,,,,,,,,,,,,,,,,,,,,,,,,,,,,,,,,,,,,,,,,,,,,,,,,,,,,,,,,,,,,,,,,,,,,,,
,,,,,,,,,,,,,,,,,,,,,,,,,,,,,,,,,,,,,,,,,,,,,,,,,,,,,,,,,,,,,,,,,,,,,,,,,,,,,,,,,,,,,,,,,,,,,,,,,,,,,,,,,,,,,,,,,,,,,,,,,,
